{
    "Bleu_1": 0.1421178134248091,
    "Bleu_2": 1.23433160651651e-10,
    "Bleu_3": 1.6242261890374366e-13,
    "Bleu_4": 9.37737336622647e-15,
    "METEOR": 0.045706462056277375,
    "ROUGE_L": 0.31381015831885484,
    "CIDEr": 0.0009624486526082812,
    "SPICE": 0
}